ID,Name,SHA1,SHA256,MD5,Package,Category,Time,Tid,Types,Api
1,Lab15-01.exe,b49e42d62a46dcf2239871a51ff200047626c6d2,1120d5ee34d2cd4519ea551cd4c8b1544b9a5993aba33774ffc854cec34001e1,96445ed6ebc49220d3fa9acf5eb7f279,exe,system,1501002614,2420,Trojan,NtAllocateVirtualMemoryNtFreeVirtualMemory
10,Lab_03-2.exe,dd3fb2750da3e8fc889cd1611117b02d49cf17f7,d1bfc02db9922f89da0cef14b514b63af3703f1ab7bd88d558431151bfac92e2,bf4f5b4ff7ed9c7275496c07f9836028,exe,process,1501002700,2384,Trojan,NtAllocateVirtualMemorySetErrorMode
11,Lab_04-1.exe,e5f9605d9682660c3c6173ee1ad2dad8e455d896,1fda0140679aced9231b1756918f4c2de95288f2903a3c652597c6f2f43ed89b,8dac49d361285653672e54b88d086411,exe,registry,1501002703,2532,Backdoor,NtFreeVirtualMemoryNtAllocateVirtualMemory
15,Lab_06-1.exe,b187e8cc6d0c069c869911b1d9acff661715a418,89364b1484476423c56238769b0e7dbc11fdb1f20740cb904d52983607f63301,eff5e85b1e0d7f892acac99475b1c324,exe,process,1501002702,2592,Backdoor,GetSystemTimeAsFileTimeLdrGetDllHandle
17,Lab_09-1.exe,0021625036f9846f94dd144ff9fb5d1a988f44c8,974105cf0e26c7317ecfe670be47fe44a2a51b85a41fc68b2eebe100ecf1323e,23ae87d7b8bc379ea3c19caecce46000,exe,synchronisation,1501002702,2392,Dropper,LdrGetDllHandleLdrGetDllHandle
18,Lab_09-2.exe,8361d4209388f2840982438a2934ae368d084e5b,fb331ce3a04032d2059413e54474baadb84b5b3cf544f479b5d9fb2670a9d0fc,e599b8c390cf9e2ca94c772af9a15854,exe,process,1501002702,2484,Dropper,LdrGetProcedureAddressLdrGetProcedureAddress
19,Lab_09-3.exe,4e0f5bbf2ae05fe35f70f5a2979c4c2ff54fd7e7,ae7af0700f44e26a6649135b7a5cea40c6423b0f3a568ba865656eb1581050a1,95b27492167ddd8a6ac4122a1f46b3d2,exe,registry,1501002702,2384,Virus,LdrGetProcedureAddressNtAllocateVirtualMemory
1692,1934bc240ae9e8e101490a9dab13c079,a0218048aaca34259d0651d911b81f9f12a30326,c2e56510866a6e038ac723a3e5a2ac66b14f407b91886077727f622f561164e3,1934bc240ae9e8e101490a9dab13c079,,system,1540552604,1828,Virus,NtAllocateVirtualMemoryNtFreeVirtualMemory
2,Lab15-02.exe,942b5bfb2e14588b05e6c31eed0ec5b8ead90bdd,20653de88265b4ab7b657de38e6585956368df037b66836008f8426f3e28cae6,5004fee79f03df0d1d8f3ac527a5c046,exe,process,1501002698,2380,Spyware,NtProtectVirtualMemory__exception__
21,pafish.exe,124f46228d1e220d88ae5e9a24d6e713039a64f9,2180f4a13add5e346e8cf6994876a9d2f5eac3fcb695db8569537010d24cd6d5,9159edb64c4a21d8888d088bf2db23f3,exe,exception,1501013984,2508,Spyware,SetUnhandledExceptionFilterNtCreateFile
1692,1934bc240ae9e8e101490a9dab13c079,a0218048aaca34259d0651d911b81f9f12a30326,c2e56510866a6e038ac723a3e5a2ac66b14f407b91886077727f622f561164e3,1934bc240ae9e8e101490a9dab13c079,,system,1540552604,1828,Downloader,GetComputerNameAWSAStartup
1657,e6f6e540626e1d8bf87e8a321fadd6d2,f15648a3af790b6039eaeb255025c080339002a2,98e6441e3dd75bc17aa163067bbd58acadf2e835133466ba06ddf180a30f4cbf,e6f6e540626e1d8bf87e8a321fadd6d2,,system,1540550101,3044,Downloader,LdrGetProcedureAddressInternetOpenA
3,Lab15-03.exe,85be3bb63ef725f1bcf8b266e6f3bb199ac8a9d4,b2a6e13fab9d8fa32acbfaa346f2987c35f7d7c0ba7547aa8524b20cde63773b,bfadb08f07304b6b293707e4f9c9f1a9,exe,process,1501002698,2544,Adware,FindresourceexwRegdeletevaluea
4,Lab_01-1.exe,e006036ff66277bda3e811b260a6441aec64dc73,84b7967aad00e982842045e7b9744af0a457d46bba70456e5f99e7eb9cd783c7,4280aac55c1d3c327a6c00f0f0085677,exe,misc,1501002698,2472,Adware,getsystemmetricsNtcreatethreadex
5,Lab_01-2.exe,dd3570f117f2996792e4d3bf20a6a0aba6409bcc,8a35842d3f5963f715def0bbd0a53d7ffaae2d2ca79f56a5ac8bede64749d279,02658bc9801f98dfdf167accf57f6a36,exe,system,1501002700,2444,Worms,NtAllocateVirtualMemoryNtAllocateVirtualMemory
6,Lab_01-3.exe,abe778ca6d429dd7cd21ab2fbd226f421390050d,212b29a8e36ccc8f65205122e33d84940a156a9a91329f747a713f988a157948,6c2a33512b8b0ec906982783e82b9678,exe,system,1501002699,2480,Worms,NtcreateThreadeXSetfiletime
